{"District":{"0":"New Delhi"},"CurrentLevel":{"0":[8.9925,13.3375,6.3766666667,8.0157142857,4.542,8.82375,8.6025,8.6042857143,8.7628571429,10.2375,9.11375,8.2875,8.6225,9.63125,7.8314285714,10.9075,9.6957142857,11.02625,10.2614285714,10.3783333333,11.07875,11.94375,10.60125,11.63125,11.8514285714,12.7514285714,13.61,13.43375,13.09,14.4188888889,11.4733333333,12.7311111111,10.815,13.65625,14.8366666667,12.5671428571,14.0252941176,14.0641176471,13.9558823529,13.2966666667,13.1221052632,13.5010526316,13.1215,13.3357894737,13.4285,13.6671428571,9.36,9.86,8.8375,14.123,13.9135,14.021,14.0465,15.1225,15.688,14.466,14.4910526316,17.3375,14.0666666667,11.5992857143,13.094,14.14,12.4869230769,13.0530769231,13.1,15.3345454545,13.5245512821,14.2653846154,14.2615384615,15.5607692308,13.3884615385,13.0338461538,13.0092307692,13.9153846154,14.1561538462,14.7384615385,14.1438461538,14.8146153846,13.5146153846,14.02,15.465,13.3925,13.7630769231,14.1823076923,13.4654545455,16.4933333333,10.52375,13.0925,12.435,11.355,13.2,12.63875]},"AlgoLevel":{"0":[8.9288636258,10.446490261,10.3344458422,8.8343716925,8.2917848272,8.1634024462,7.0885244259,7.9502553791,8.0433332287,9.8440643907,8.6539776264,9.0606767639,8.5377209711,10.0644735325,8.5175711087,8.4296523754,9.3099550145,10.9666214161,9.6324515976,10.1121854939,10.0378393818,11.9772925429,10.6029067329,10.8104365604,10.9755039646,12.8437432608,11.4439892898,12.5871619343,12.7633545892,14.3945053338,13.0451225,12.5749269974,12.4531166073,13.2362057753,12.0576042413,13.4653919381,12.8884504587,14.8693117522,13.161853522,13.7128297046,13.3439738081,14.7383663062,12.8443898107,13.1722454147,13.0536118403,14.7055858812,12.8974490731,11.5788044331,10.6476819082,11.3565015366,11.1907135968,12.5742105492,13.0094715942,14.9472490535,13.6629859832,14.7452994107,14.435518752,15.9496480607,15.1887869599,14.9126846299,13.2932780796,14.6974214308,13.0969107509,13.041863181,12.8574783923,14.4523182939,13.4732114498,13.7036164907,13.7568706696,15.4648622427,14.1463514814,14.027464001,13.4093579503,14.7268076439,13.0166607875,13.7167516898,13.9685331713,15.5343634259,13.8637867737,13.9213168431,13.774686983,15.9944454519,13.5114450614,13.8283033077,13.7918792236,15.1411415541,14.3648882525,12.915160498,12.8024815304,14.1340222547,11.5745891812,12.4844195725]},"Category":{"0":3}}