{"District":{"0":"New Delhi"},"CurrentLevel":{"0":[8.9925,13.3375,6.3766666667,8.0157142857,4.542,8.82375,8.6025,8.6042857143,8.7628571429,10.2375,9.11375,8.2875,8.6225,9.63125,7.8314285714,10.9075,9.6957142857,11.02625,10.2614285714,10.3783333333,11.07875,11.94375,10.60125,11.63125,11.8514285714,12.7514285714,13.61,13.43375,13.09,14.4188888889,11.4733333333,12.7311111111,10.815,13.65625,14.8366666667,12.5671428571,14.0252941176,14.0641176471,13.9558823529,13.2966666667,13.1221052632,13.5010526316,13.1215,13.3357894737,13.4285,13.6671428571,9.36,9.86,8.8375,14.123,13.9135,14.021,14.0465,15.1225,15.688,14.466,14.4910526316,17.3375,14.0666666667,11.5992857143,13.094,14.14,12.4869230769,13.0530769231,13.1,15.3345454545,13.5245512821,14.2653846154,14.2615384615,15.5607692308,13.3884615385,13.0338461538,13.0092307692,13.9153846154,14.1561538462,14.7384615385,14.1438461538,14.8146153846,13.5146153846,14.02,15.465,13.3925,13.7630769231,14.1823076923,13.4654545455,16.4933333333,10.52375,13.0925,12.435,11.355,13.2,12.63875]},"AlgoLevel":{"0":[null,null,null,9.1805952381,8.0679702381,6.9395327381,7.4959910714,7.6431339286,8.6983482143,9.0517857143,9.1795982143,9.1004017857,9.0653125,8.91375,8.5931696429,9.2481696429,9.5164732143,9.8652232143,10.4727232143,10.3404315476,10.6861904762,10.9155654762,11.0005208333,11.31375,11.5069196429,11.7088392857,12.4610267857,12.9116517857,13.2212946429,13.6381597222,13.1039930556,12.9283333333,12.3595833333,12.1689236111,13.0097569444,12.968764881,13.7713384104,13.8733053221,13.6531092437,13.8354901961,13.6096929825,13.4689267286,13.2603311404,13.2701118421,13.3467105263,13.3882330827,12.4478580827,11.5789107143,10.4311607143,10.545125,11.6835,12.72375,14.026,14.275875,14.7195,14.83075,14.9418881579,15.4956381579,15.0903048246,14.3736262531,14.0243630952,13.2249880952,12.8300521978,13.1935,13.195,13.4936363636,13.7530434149,14.056120338,14.3465049534,14.4030608974,14.3690384615,14.0611538462,13.7480769231,13.3367307692,13.5286538462,13.9548076923,14.2384615385,14.4632692308,14.3028846154,14.1232692308,14.4535576923,14.0980288462,14.1601442308,14.2007211538,13.7008347902,14.4760431235,13.6662113928,13.3937594697,13.1361458333,11.8515625,12.520625,12.4071875]},"Category":{"0":3}}