{"District":{"0":"New Delhi"},"CurrentLevel":{"0":[8.9925,13.3375,6.3766666667,8.0157142857,4.542,8.82375,8.6025,8.6042857143,8.7628571429,10.2375,9.11375,8.2875,8.6225,9.63125,7.8314285714,10.9075,9.6957142857,11.02625,10.2614285714,10.3783333333,11.07875,11.94375,10.60125,11.63125,11.8514285714,12.7514285714,13.61,13.43375,13.09,14.4188888889,11.4733333333,12.7311111111,10.815,13.65625,14.8366666667,12.5671428571,14.0252941176,14.0641176471,13.9558823529,13.2966666667,13.1221052632,13.5010526316,13.1215,13.3357894737,13.4285,13.6671428571,9.36,9.86,8.8375,14.123,13.9135,14.021,14.0465,15.1225,15.688,14.466,14.4910526316,17.3375,14.0666666667,11.5992857143,13.094,14.14,12.4869230769,13.0530769231,13.1,15.3345454545,13.5245512821,14.2653846154,14.2615384615,15.5607692308,13.3884615385,13.0338461538,13.0092307692,13.9153846154,14.1561538462,14.7384615385,14.1438461538,14.8146153846,13.5146153846,14.02,15.465,13.3925,13.7630769231,14.1823076923,13.4654545455,16.4933333333,10.52375,13.0925,12.435,11.355,13.2,12.63875]},"AlgoLevel":{"0":[8.9925,10.7305,8.9889666667,8.5996657143,6.9765994286,7.7154596571,8.0702757943,8.2838797623,8.4754707145,9.1802824287,9.1536694572,8.8072016743,8.7333210046,9.0924926028,8.5880669902,9.5158401941,9.5877898308,10.1631738985,10.2024757676,10.2728187939,10.5951912764,11.1346147658,10.9212688595,11.2052613157,11.463728218,11.9788083594,12.6312850156,12.9522710094,13.0073626056,13.5719731189,12.7325172047,12.7319547673,11.9651728604,12.6416037162,13.5196288964,13.1386344807,13.4932983355,13.7216260601,13.8153285772,13.607863813,13.4135603931,13.4485572885,13.3177343731,13.3249564133,13.366373848,13.4866814517,11.836008871,11.0456053226,10.1623631936,11.7466179161,12.6133707497,13.1764224498,13.5244534699,14.1636720819,14.7734032492,14.6504419495,14.5866862223,15.6870117334,15.0388737067,13.6630385097,13.4354231058,13.7172538635,13.2251215489,13.1563036986,13.1337822191,14.0140875133,13.8182730208,13.9971176586,14.1028859798,14.6860392802,14.1670081835,13.7137433716,13.4319383307,13.6253168446,13.8376516452,14.1979756025,14.176323823,14.4316404477,14.0648304224,14.0468982535,14.6141389521,14.1254833712,13.980520792,14.0612355521,13.8229231494,14.891087223,13.1441523338,13.1234914003,12.8480948402,12.2508569041,12.6305141425,12.6338084855]},"Category":{"0":3}}