{"District":{"0":"New Delhi"},"CurrentLevel":{"0":[8.9925,13.3375,6.3766666667,8.0157142857,4.542,8.82375,8.6025,8.6042857143,8.7628571429,10.2375,9.11375,8.2875,8.6225,9.63125,7.8314285714,10.9075,9.6957142857,11.02625,10.2614285714,10.3783333333,11.07875,11.94375,10.60125,11.63125,11.8514285714,12.7514285714,13.61,13.43375,13.09,14.4188888889,11.4733333333,12.7311111111,10.815,13.65625,14.8366666667,12.5671428571,14.0252941176,14.0641176471,13.9558823529,13.2966666667,13.1221052632,13.5010526316,13.1215,13.3357894737,13.4285,13.6671428571,9.36,9.86,8.8375,14.123,13.9135,14.021,14.0465,15.1225,15.688,14.466,14.4910526316,17.3375,14.0666666667,11.5992857143,13.094,14.14,12.4869230769,13.0530769231,13.1,15.3345454545,13.5245512821,14.2653846154,14.2615384615,15.5607692308,13.3884615385,13.0338461538,13.0092307692,13.9153846154,14.1561538462,14.7384615385,14.1438461538,14.8146153846,13.5146153846,14.02,15.465,13.3925,13.7630769231,14.1823076923,13.4654545455,16.4933333333,10.52375,13.0925,12.435,11.355,13.2,12.63875]},"AlgoLevel":{"0":[9.0671706995,10.4347838156,9.1734482363,8.8260657252,7.4900975094,7.9265807848,8.1561052694,8.3141283636,8.4726425291,9.0473579382,9.0865324436,8.8523209365,8.7975030905,9.078650952,8.7028004147,9.4169640569,9.5239847722,10.0178382448,10.1149572414,10.2185236442,10.5108965689,10.9848014624,10.8856951067,11.1431748502,11.3893856491,11.8426819343,12.4249524215,12.7687096431,12.8959133451,13.40309241,12.8202646228,12.8178761784,12.2107672361,12.6920815078,13.3952725672,13.1605320356,13.4602549355,13.678139231,13.79341145,13.6641856817,13.5203744537,13.5414600746,13.4359907403,13.4313496244,13.4574612422,13.5507829499,12.2537930613,11.5220241666,10.6969157067,11.8010341327,12.4922838389,13.0004651291,13.3571463586,13.94184188,14.5216477174,14.5332684293,14.5491568534,15.4595032875,15.0504728885,13.9902033353,13.735148751,13.8907004184,13.4750578176,13.3688163831,13.3107596156,13.9770236311,13.8621567402,14.0174508674,14.1227706998,14.6055653049,14.2503472175,13.8946051911,13.6427801671,13.7563575093,13.9103545324,14.2000028079,14.2108158345,14.4301896404,14.1698989201,14.1510298605,14.594689666,14.244162401,14.1207913188,14.1686284474,13.9749279138,14.7988220976,13.4777077063,13.3830915314,13.1104198623,12.5820927841,12.802648901,null]},"Category":{"0":3}}