{"District":{"5":"New Delhi"},"CurrentLevel":{"5":[8.9925,13.3375,6.3766666667,8.0157142857,4.542,8.82375,8.6025,8.6042857143,8.7628571429,10.2375,9.11375,8.2875,8.6225,9.63125,7.8314285714,10.9075,9.6957142857,11.02625,10.2614285714,10.3783333333,11.07875,11.94375,10.60125,11.63125,11.8514285714,12.7514285714,13.61,13.43375,13.09,14.4188888889,11.4733333333,12.7311111111,10.815,13.65625,14.8366666667,12.5671428571,14.0252941176,14.0641176471,13.9558823529,13.2966666667,13.1221052632,13.5010526316,13.1215,13.3357894737,13.4285,13.6671428571,9.36,9.86,8.8375,14.123,13.9135,14.021,14.0465,15.1225,15.688,14.466,14.4910526316,17.3375,14.0666666667,11.5992857143,13.094,14.14,12.4869230769,13.0530769231,13.1,15.3345454545,13.5245512821,14.2653846154,14.2615384615,15.5607692308,13.3884615385,13.0338461538,13.0092307692,13.9153846154,14.1561538462,14.7384615385,14.1438461538,14.8146153846,13.5146153846,14.02,15.465,13.3925,13.7630769231,14.1823076923,13.4654545455,16.4933333333,10.52375,13.0925,12.435,11.355,13.2,12.63875]},"AlgoLevel":{"5":[0.0,8.9924868507,11.4485646875,9.0954375009,8.523850525,7.6514966204,6.8609254663,7.8910353634,7.5602179845,9.4161700716,8.6465288059,9.0973037241,8.2516871951,9.7681135546,8.5941927402,8.3838036828,9.0469092357,10.6385993001,9.6047497757,10.3411567855,9.8693625891,11.6984648805,10.6511722459,11.0548096163,10.9338730184,12.5942325679,11.4920471347,12.8609978313,12.7986098863,14.1607030097,13.2793847187,12.9480351808,12.548762551,13.0641932906,12.1651880614,13.7744246765,12.8382865222,14.7023347884,13.4628139055,13.9534946942,13.3865713033,14.5466675908,13.1974618751,13.384050399,13.0781065641,14.4375042241,13.2389416859,11.8345392201,10.7415411955,11.0937850885,11.2751747201,12.6138056546,12.8974942371,14.770987263,13.8829818649,14.8655063384,14.414026681,15.8195450149,15.5084489653,15.0531741492,13.3413217343,14.6872748197,13.3906281715,13.0232842754,12.8593744876,14.3889379895,13.6882827591,13.6581213731,13.7477683777,15.429472552,14.3546157024,14.0224601893,13.4517590529,14.7243111954,13.2090379283,13.6573312039,13.9583452873,15.4689724274,14.0812929722,13.9198896875,13.7906080296,15.8917965805,13.7251661856,13.8346747116,13.8750427996,14.9612766796,14.5422378046,12.9689730769,12.8904620217,14.0264284607,11.6568049255,12.5056138914]},"Category":{"5":3}}